_1, l1 ,728522752.0
_2, l2 ,957331460.0
_3, l3 ,733453610.0
_4, l4 ,813667150.0
_5, l5 ,1432485772.0
_6, l6 ,724189656.0
_7, l7 ,865093632.0
_8, l8 ,726702972.0
_9, l9 ,732966912.0
_10, l10 ,762750976.0
_11, l11 ,1172272277.0
_12, l12 ,743432192.0
_13, l13 ,32270.0
_14, l14 ,733693952.0
_15, l15 ,772761600.0
_16, l16 ,734488576.0
_17, l17 ,725112832.0
_18, l18 ,737132544.0
_19, l19 ,724733952.0
_20, l20 ,734377984.0
_21, l21 ,32236.0
_22, l22 ,736415744.0
_23, l23 ,732055552.0
_24, l24 ,823875584.0
_25, l25 ,734396416.0
_26, l26 ,734112768.0
_27, l27 ,677036032.0
_28, l28 ,730570752.0
_29, l29 ,716939264.0
_30, l30 ,857411584.0
_31, l31 ,1302550528.0
_32, l32 ,725694464.0
_33, l33 ,734230528.0
_34, l34 ,610224128.0
_35, l35 ,744658944.0
_36, l36 ,750053376.0
_37, l37 ,790938732.0
_38, l38 ,782573568.0
_39, l39 ,734855168.0
_40, l40 ,730576896.0
_41, l41 ,721893376.0
_42, l42 ,31189.0
_43, l43 ,680605696.0
_44, l44 ,730859520.0
_45, l45 ,728561664.0
_46, l46 ,678473728.0
_47, l47 ,733956096.0
_48, l48 ,738834432.0
_49, l49 ,1048592384.0
_50, l50 ,729809888.0
_51, l51 ,742180668.0
_52, l52 ,682984394.0
_53, l53 ,33269.0
_54, l54 ,736210944.0
_55, l55 ,729944064.0
_56, l56 ,730677248.0
_57, l57 ,747104256.0
_58, l58 ,698439680.0
_59, l59 ,732849122.0
_60, l60 ,1001613256.0
_61, l61 ,721565696.0
_62, l62 ,387035136.0
_63, l63 ,733854370.0
_64, l64 ,734894080.0
_65, l65 ,733032448.0
_66, l66 ,724692108.0
_67, l67 ,734218240.0
_68, l68 ,1415798784.0
_69, l69 ,733577216.0
_70, l70 ,1567329446.0
_71, l71 ,728420352.0
_72, l72 ,724262202.0
_73, l73 ,579993600.0
_74, l74 ,734322688.0
_75, l75 ,724027392.0
_76, l76 ,730470400.0
_77, l77 ,647912400.0
_78, l78 ,1570866148.0
_79, l79 ,736712442.0
_80, l80 ,733945856.0
_81, l81 ,736139264.0
_82, l82 ,702802274.0
_83, l83 ,720570368.0
_84, l84 ,1562175488.0
_85, l85 ,730286080.0
_86, l86 ,735608832.0
_87, l87 ,733198336.0
_88, l88 ,684746752.0
_89, l89 ,739653632.0
_90, l90 ,654133248.0
_91, l91 ,718309376.0
_92, l92 ,690616320.0
_93, l93 ,725612544.0
_94, l94 ,726951764.0
_95, l95 ,595556352.0
_96, l96 ,55343104.0
_97, l97 ,1488898048.0
_98, l98 ,733945856.0
_99, l99 ,770017280.0
_100, l100 ,682811392.0
_101, l101 ,8577.0
_102, l102 ,367202304.0
_103, l103 ,733562880.0
_104, l104 ,732636204.0
_105, l105 ,725089934.0
_106, l106 ,730464256.0
_107, l107 ,704563200.0
_108, l108 ,635156454.0
_109, l109 ,728397824.0
_110, l110 ,737370112.0
_111, l111 ,780207316.0
_112, l112 ,727279616.0
_113, l113 ,1890766848.0
_114, l114 ,732876800.0
_115, l115 ,718825472.0
_116, l116 ,1176359923.0
_117, l117 ,734351360.0
_118, l118 ,1432323840.0
_119, l119 ,724566764.0
_120, l120 ,733850074.0
_121, l121 ,1467750400.0
_122, l122 ,782579712.0
_123, l123 ,1151160640.0
_124, l124 ,1564356990.0
_125, l125 ,730175488.0
_126, l126 ,734474240.0
_127, l127 ,725807104.0
_128, l128 ,638758912.0
_129, l129 ,729680672.0
_130, l130 ,677560320.0
_131, l131 ,727746780.0
_132, l132 ,730669056.0
_133, l133 ,729989120.0
_134, l134 ,733880320.0
_135, l135 ,733941760.0
_136, l136 ,732547772.0
_137, l137 ,736295774.0
_138, l138 ,729325568.0
_139, l139 ,1570293760.0
_140, l140 ,737546240.0
_141, l141 ,730906624.0
_142, l142 ,721715200.0
_143, l143 ,601868288.0
_144, l144 ,733947904.0
_145, l145 ,731770880.0
_146, l146 ,726839296.0
_147, l147 ,729790464.0
_148, l148 ,837271826.0
_149, l149 ,733931520.0
_150, l150 ,699772928.0
_151, l151 ,733757440.0
_152, l152 ,725798912.0
_153, l153 ,729104384.0
_154, l154 ,734216432.0
_155, l155 ,730324992.0
_156, l156 ,731795348.0
_157, l157 ,745676572.0
_158, l158 ,784746496.0
_159, l159 ,732313600.0
_160, l160 ,1019830272.0
_161, l161 ,717670400.0
_162, l162 ,1564830687.0
_163, l163 ,590350336.0
_164, l164 ,734691328.0
_165, l165 ,737765376.0
_166, l166 ,677462016.0
_167, l167 ,723607552.0
_168, l168 ,678123520.0
_169, l169 ,734904982.0
_170, l170 ,583532544.0
_171, l171 ,1548732416.0
_172, l172 ,1563015648.0
_173, l173 ,1687814144.0
_174, l174 ,3522103799.0
_175, l175 ,1484828038.0
_176, l176 ,729780224.0
_177, l177 ,658405376.0
_178, l178 ,2043774084.0
_179, l179 ,733599744.0
_180, l180 ,708769792.0
_181, l181 ,722997248.0
_182, l182 ,734214144.0
_183, l183 ,710316032.0
_184, l184 ,734519296.0
_185, l185 ,728102912.0
_186, l186 ,703826974.0
_187, l187 ,553050112.0
_188, l188 ,1711083520.0
_189, l189 ,727373824.0
_190, l190 ,649287680.0
_191, l191 ,605898752.0
_192, l192 ,1326219264.0
_193, l193 ,735866880.0
_194, l194 ,736161792.0
_195, l195 ,172460032.0
_196, l196 ,746801152.0
_197, l197 ,829302784.0
_198, l198 ,733104128.0
_199, l199 ,1174972416.0
_200, l200 ,737679360.0
_201, l201 ,1462177792.0
_202, l202 ,1149241348.0
_203, l203 ,673349632.0
_204, l204 ,1465067520.0
_205, l205 ,734996950.0
_206, l206 ,817780736.0
_207, l207 ,734154752.0
_208, l208 ,1046052864.0
_209, l209 ,648818688.0
_210, l210 ,830408704.0
_211, l211 ,730456064.0
_212, l212 ,692447712.0
_213, l213 ,745791488.0
_214, l214 ,2094624768.0
_215, l215 ,648138752.0
_216, l216 ,733855744.0
_217, l217 ,640815104.0
_218, l218 ,733018112.0
_219, l219 ,1169668361.0
_220, l220 ,3423778.0
_221, l221 ,733747200.0
_222, l222 ,3696563.0
_223, l223 ,4326287.0
_224, l224 ,702711.0
_225, l225 ,1511387.0
_226, l226 ,16295437.0
_227, l227 ,3369501.0
_228, l228 ,65250554.0
_229, l229 ,4451908.0
_230, l230 ,23529373.0
_231, l231 ,12289768.0
_232, l232 ,848857.0
_233, l233 ,1282496.0
_234, l234 ,6137401.0
_235, l235 ,344065.0
_236, l236 ,4840168.0
_237, l237 ,2968151.0
_238, l238 ,5285134.0
_239, l239 ,9613068.0
_240, l240 ,9090053.0
_241, l241 ,3164164.0
_242, l242 ,8432859.0
_243, l243 ,2337326.0
_244, l244 ,4294260.0
_245, l245 ,13447966.0
_246, l246 ,6325211.0
_247, l247 ,365838.0
_248, l248 ,1360139.0
_249, l249 ,47653228.0
_250, l250 ,11000809.0
_251, l251 ,34275610.0
_252, l252 ,2945143.0
_253, l253 ,8690658.0
_254, l254 ,3869693.0
_255, l255 ,68606108.0
_256, l256 ,26536361.0
_257, l257 ,2519129.0
_258, l258 ,414807.0
_259, l259 ,2614660.0
_260, l260 ,1736946.0
_261, l261 ,595747.0
_262, l262 ,592917.0
_263, l263 ,3571641.0
_264, l264 ,681442.0
_265, l265 ,15114339.0
_266, l266 ,126866.0
_267, l267 ,1555067.0
_268, l268 ,626104.0
_269, l269 ,16827251.0
_270, l270 ,737192.0
_271, l271 ,6827703.0
_272, l272 ,2239667.0
_273, l273 ,8787630.0
_274, l274 ,34367008.0
_275, l275 ,1002271.0
_276, l276 ,719108.0
_277, l277 ,2108654.0
_278, l278 ,9719070.0
_279, l279 ,19336782.0
_280, l280 ,3234380.0
_281, l281 ,3513514.0
_282, l282 ,13907150.0
_283, l283 ,5654118.0
_284, l284 ,5736561.0
_285, l285 ,1795587.0
_286, l286 ,20121327.0
_287, l287 ,164947.0
_288, l288 ,8448221.0
_289, l289 ,2518970.0
_290, l290 ,4370815.0
_291, l291 ,382191.0
_292, l292 ,14902722.0
_293, l293 ,9537664.0
_294, l294 ,46283634.0
_295, l295 ,4110801.0
_296, l296 ,500044.0
_297, l297 ,12759273.0
_298, l298 ,371240.0
_299, l299 ,59204385.0
_300, l300 ,14582049.0
_301, l301 ,7785608.0
_302, l302 ,6229184.0
_303, l303 ,3699866.0
_304, l304 ,2836253.0
_305, l305 ,2406016.0
_306, l306 ,11492136.0
_307, l307 ,1645029.0
_308, l308 ,22379507.0
_309, l309 ,37262413.0
_310, l310 ,16015360.0
_311, l311 ,6198676.0
_312, l312 ,55650417.0
_313, l313 ,19083275.0
_314, l314 ,6005154.0
_315, l315 ,9185408.0
_316, l316 ,10691840.0
_317, l317 ,14131802.0
_318, l318 ,399694.0
_319, l319 ,2370860.0
_320, l320 ,14789466.0
_321, l321 ,9502861.0
_322, l322 ,279601.0
_323, l323 ,8499200.0
_324, l324 ,14509336.0
_325, l325 ,7569774.0
_326, l326 ,4867761.0
_327, l327 ,419533.0
_328, l328 ,25699981.0
_329, l329 ,7303323.0
_330, l330 ,2391779.0
_331, l331 ,1659874.0
_332, l332 ,7057172.0
_333, l333 ,8964946.0
_334, l334 ,7533185.0
_335, l335 ,428144.0
_336, l336 ,8156657.0
_337, l337 ,6714694.0
_338, l338 ,11858844.0
_339, l339 ,786903.0
_340, l340 ,6422631.0
_341, l341 ,2948822.0
_342, l342 ,2377041.0
_343, l343 ,2392392.0
_344, l344 ,4071090.0
_345, l345 ,17614624.0
_346, l346 ,1773313.0
_347, l347 ,13753824.0
_348, l348 ,13674248.0
_349, l349 ,3789540.0
_350, l350 ,1461516.0
_351, l351 ,2161011.0
_352, l352 ,2589873.0
_353, l353 ,9685536.0
_354, l354 ,8559.0
_355, l355 ,2236319.0
_356, l356 ,12372596.0
_357, l357 ,502978.0
_358, l358 ,13199826.0
_359, l359 ,12568296.0
_360, l360 ,289947.0
_361, l361 ,21022485.0
_362, l362 ,10730708.0
_363, l363 ,2404696.0
_364, l364 ,68429850.0
_365, l365 ,448477.0
_366, l366 ,325414.0
_367, l367 ,158722.0
_368, l368 ,9824451.0
_369, l369 ,28886269.0
_370, l370 ,15096744.0
_371, l371 ,5324856.0
_372, l372 ,4538468.0
_373, l373 ,4011965.0
_374, l374 ,502196.0
_375, l375 ,4719005.0
_376, l376 ,31093.0
_377, l377 ,103731878.0
_378, l378 ,5353363.0
_379, l379 ,16918932.0
_380, l380 ,9772831.0
_381, l381 ,7249554.0
_382, l382 ,285601.0
_383, l383 ,1395729.0
_384, l384 ,8659556.0
_385, l385 ,32885582.0
_386, l386 ,4725317.0
_387, l387 ,4035781.0
_388, l388 ,2509871.0
_389, l389 ,2196992.0
_390, l390 ,1304556.0
_391, l391 ,28169680.0
_392, l392 ,413015.0
_393, l393 ,9605982.0
_394, l394 ,920925.0
_395, l395 ,12150068.0
_396, l396 ,385520.0
_397, l397 ,3511594.0
_398, l398 ,13289146.0
_399, l399 ,56857.0
_400, l400 ,4190087.0
_401, l401 ,23976481.0
_402, l402 ,52792345.0
_403, l403 ,139989.0
_404, l404 ,57292005.0
_405, l405 ,6874320.0
_406, l406 ,6300939.0
_407, l407 ,10071917.0
_408, l408 ,360707.0
_409, l409 ,4197269.0
_410, l410 ,39191464.0
_411, l411 ,3057230.0
_412, l412 ,1299784.0
_413, l413 ,166133.0
_414, l414 ,875320.0
_415, l415 ,1026322.0
_416, l416 ,5898303.0
_417, l417 ,5378114.0
_418, l418 ,30475760.0
_419, l419 ,2849581.0
_420, l420 ,80181986.0
_421, l421 ,2879440.0
_422, l422 ,2711842.0
_423, l423 ,1379968.0
_424, l424 ,4354269.0
_425, l425 ,4100073.0
_426, l426 ,4364328.0
_427, l427 ,4482777.0
_428, l428 ,8810970.0
_429, l429 ,7265113.0
_430, l430 ,10332546.0
_431, l431 ,4336387.0
_432, l432 ,994974.0
_433, l433 ,1217006.0
_434, l434 ,9621160.0
_435, l435 ,8017375.0
_436, l436 ,49969970.0
_437, l437 ,149802.0
_438, l438 ,1558490.0
_439, l439 ,3953518.0
_440, l440 ,10938154.0
_441, l441 ,4878996.0
_442, l442 ,2392392.0
_443, l443 ,216976.0
_444, l444 ,2076401.0
_445, l445 ,18340212.0
_446, l446 ,379550.0
_447, l447 ,2964599.0
_448, l448 ,7807532.0
_449, l449 ,3430219.0
_450, l450 ,2904191.0
_451, l451 ,19659469.0
_452, l452 ,37220794.0
_453, l453 ,1964550.0
_454, l454 ,241330.0
_455, l455 ,1263714.0
_456, l456 ,12772242.0
_457, l457 ,30473058.0
_458, l458 ,41468404.0
_459, l459 ,1672465.0
_460, l460 ,2357392.0
_461, l461 ,10992764.0
_462, l462 ,297082.0
_463, l463 ,2302244.0
_464, l464 ,4061820.0
_465, l465 ,933356.0
_466, l466 ,4911587.0
_467, l467 ,8760476.0
_468, l468 ,8929589.0
_469, l469 ,863423.0
_470, l470 ,6642460.0
_471, l471 ,16295437.0
_472, l472 ,1642472.0
_473, l473 ,474932.0
_474, l474 ,1732357.0
_475, l475 ,3396811.0
_476, l476 ,2870036.0
_477, l477 ,2979688.0
_478, l478 ,33078948.0
_479, l479 ,3274681.0
_480, l480 ,8924654.0
_481, l481 ,35257444.0
_482, l482 ,1230698.0
_483, l483 ,33131730.0
_484, l484 ,35639254.0
_485, l485 ,2951677.0
_486, l486 ,1863038.0
_487, l487 ,70526678.0
_488, l488 ,14946114.0
_489, l489 ,2316258.0
_490, l490 ,713567.0
_491, l491 ,6523197.0
_492, l492 ,17945651.0
_493, l493 ,5467259.0
_494, l494 ,1540791.0
_495, l495 ,3555639.0
_496, l496 ,3694461.0
_497, l497 ,123854342.0
_498, l498 ,401670.0
_499, l499 ,406260.0
_500, l500 ,3880525.0
_501, l501 ,23234274.0
_502, l502 ,5704847.0
_503, l503 ,2579729.0
_504, l504 ,4145101.0
_505, l505 ,13094330.0
_506, l506 ,2385768.0
_507, l507 ,1728952.0
_508, l508 ,4702171.0
_509, l509 ,426347.0
_510, l510 ,9168571.0
_511, l511 ,11389857.0
_512, l512 ,30017075.0
_513, l513 ,7319190.0
_514, l514 ,2540039.0
_515, l515 ,2778835.0
_516, l516 ,8863675.0
_517, l517 ,2901255.0
_518, l518 ,5051715.0
_519, l519 ,6712506.0
_520, l520 ,33280155.0
_521, l521 ,147456.0
_522, l522 ,102140.0
_523, l523 ,103976556.0
_524, l524 ,2204501.0
_525, l525 ,8585672.0
_526, l526 ,11796402.0
_527, l527 ,13351911.0
_528, l528 ,1756160.0
_529, l529 ,13345764.0
_530, l530 ,12999168.0
_531, l531 ,4002909.0
_532, l532 ,8689383.0
_533, l533 ,8428898.0
_534, l534 ,3384286.0
_535, l535 ,2108011.0
_536, l536 ,4314336.0
_537, l537 ,3926362.0
_538, l538 ,2166391.0
_539, l539 ,17594480.0
_540, l540 ,1106101.0
_541, l541 ,4365096.0
_542, l542 ,2406076.0
_543, l543 ,3287188.0
_544, l544 ,3998745.0
_545, l545 ,2436059.0
_546, l546 ,964371.0
_547, l547 ,4212585.0
_548, l548 ,858543.0
_549, l549 ,9683931.0
_550, l550 ,15943107.0
_551, l551 ,13381243.0
_552, l552 ,5355429.0
_553, l553 ,2369852.0
_554, l554 ,274772.0
_555, l555 ,5434910.0
_556, l556 ,9876333.0
_557, l557 ,2389927.0
_558, l558 ,5322443.0
_559, l559 ,8086500.0
_560, l560 ,44151.0
_561, l561 ,16815453.0
_562, l562 ,3573733.0
_563, l563 ,3699342.0
_564, l564 ,3691593.0
_565, l565 ,1841978.0
_566, l566 ,4599608.0
_567, l567 ,4307725.0
_568, l568 ,4129024.0
_569, l569 ,1526078.0
_570, l570 ,31067766.0
_571, l571 ,3542473.0
_572, l572 ,1123876.0
_573, l573 ,10724898.0
_574, l574 ,136785278.0
_575, l575 ,19167372.0
_576, l576 ,2307538.0
_577, l577 ,5503820.0
_578, l578 ,7252716.0
_579, l579 ,10465398.0
_580, l580 ,2963797.0
_581, l581 ,1060787.0
_582, l582 ,11376594.0
_583, l583 ,1816152.0
_584, l584 ,9025213.0
_585, l585 ,5043861.0
_586, l586 ,1405533.0
_587, l587 ,16331913.0
_588, l588 ,62688753.0
_589, l589 ,2928445.0
_590, l590 ,5594745.0
_591, l591 ,7960446.0
_592, l592 ,3377829.0
_593, l593 ,4720226.0
_594, l594 ,1769126.0
_595, l595 ,475498.0
_596, l596 ,11654185.0
_597, l597 ,2848288.0
_598, l598 ,2447678.0
_599, l599 ,4748027.0
_600, l600 ,15918186.0
_601, l601 ,6865932.0
_602, l602 ,1615913.0
_603, l603 ,1257091.0
_604, l604 ,3840382.0
_605, l605 ,111139331.0
_606, l606 ,565461.0
_607, l607 ,2350755.0
_608, l608 ,8787630.0
_609, l609 ,938781.0
_610, l610 ,6058947.0
_611, l611 ,6221705.0
_612, l612 ,773107.0
_613, l613 ,19546103.0
_614, l614 ,8361755.0
_615, l615 ,409662.0
_616, l616 ,24677432.0
_617, l617 ,7379453.0
_618, l618 ,8803353.0
_619, l619 ,1759714.0
_620, l620 ,12072599.0
_621, l621 ,2658936.0
_622, l622 ,13808490.0
_623, l623 ,5900524.0
_624, l624 ,1878459.0
_625, l625 ,2478508.0
_626, l626 ,1451754.0
_627, l627 ,7537721.0
_628, l628 ,1559923.0
_629, l629 ,29902460.0
_630, l630 ,78841534.0
_631, l631 ,780515.0
_632, l632 ,6766656.0
_633, l633 ,8309758.0
_634, l634 ,7167590.0
_635, l635 ,8813020.0
_636, l636 ,14118928.0
_637, l637 ,7954759.0
_638, l638 ,11303314.0
_639, l639 ,3068787.0
_640, l640 ,4081286.0
_641, l641 ,33949510.0
_642, l642 ,601119.0
_643, l643 ,10161708.0
_644, l644 ,2467312.0
_645, l645 ,238398.0
_646, l646 ,1895681.0
_647, l647 ,38195589.0
_648, l648 ,29470376.0
_649, l649 ,2670435.0
_650, l650 ,3981851.0
_651, l651 ,236806.0
_652, l652 ,7148326.0
_653, l653 ,194557.0
_654, l654 ,6528502.0
_655, l655 ,32501752.0
_656, l656 ,3414868.0
_657, l657 ,1819792.0
_658, l658 ,11035618.0
_659, l659 ,3502771.0
_660, l660 ,8126968.0
_661, l661 ,6542248.0
_662, l662 ,4409744.0
_663, l663 ,6123457.0
_664, l664 ,6452748.0
_665, l665 ,870517.0
_666, l666 ,5594734.0
_667, l667 ,4027099.0
_668, l668 ,782579.0
_669, l669 ,89014.0
_670, l670 ,1145691.0
_671, l671 ,3179497.0
_672, l672 ,2541090.0
_673, l673 ,21090508.0
_674, l674 ,21298031.0
_675, l675 ,9783284.0
_676, l676 ,4211516.0
_677, l677 ,15481321.0
_678, l678 ,32290677.0
_679, l679 ,190038.0
_680, l680 ,8170439.0
_681, l681 ,16906741.0
_682, l682 ,3273703.0
_683, l683 ,22923535.0
_684, l684 ,3592944.0
_685, l685 ,721210.0
_686, l686 ,9084684.0
_687, l687 ,64213682.0
_688, l688 ,3165981.0
_689, l689 ,1846097.0
_690, l690 ,8333939.0
_691, l691 ,1230756.0
_692, l692 ,7140233.0
_693, l693 ,9958933.0
_694, l694 ,1247093.0
_695, l695 ,10550061.0
_696, l696 ,20810111.0
_697, l697 ,165553788.0
_698, l698 ,1463890.0
_699, l699 ,7749215.0
_700, l700 ,377786.0
_701, l701 ,1470668.0
_702, l702 ,481561.0
_703, l703 ,9890542.0
_704, l704 ,37012519.0
_705, l705 ,9395060.0
_706, l706 ,5912489.0
_707, l707 ,5466630.0
_708, l708 ,677121.0
_709, l709 ,5301195.0
_710, l710 ,15509825.0
_711, l711 ,4017718.0
_712, l712 ,4993968.0
_713, l713 ,2293989.0
_714, l714 ,10169283.0
_715, l715 ,5041042.0
_716, l716 ,1917632.0
_717, l717 ,7120811.0
_718, l718 ,1645029.0
_719, l719 ,37343.0
_720, l720 ,3815572.0
_721, l721 ,53962597.0
_722, l722 ,869183.0
_723, l723 ,7763790.0
_724, l724 ,282223.0
_725, l725 ,572498.0
_726, l726 ,3825957.0
_727, l727 ,2097629.0
_728, l728 ,531444.0
_729, l729 ,3940132.0
_730, l730 ,50221868.0
_731, l731 ,27821197.0
_732, l732 ,23301018.0
_733, l733 ,8492846.0
_734, l734 ,20475.0
_735, l735 ,9226787.0
_736, l736 ,1811519.0
_737, l737 ,26980719.0
_738, l738 ,3697776.0
_739, l739 ,670207.0
_740, l740 ,23101785.0
_741, l741 ,147904682.0
_742, l742 ,3113602.0
_743, l743 ,2231589.0
_744, l744 ,698822.0
_745, l745 ,6830502.0
_746, l746 ,3072164.0
_747, l747 ,710306.0
_748, l748 ,32686058.0
_749, l749 ,79481.0
_750, l750 ,6819895.0
_751, l751 ,904480.0
_752, l752 ,8235750.0
_753, l753 ,322646.0
_754, l754 ,84403839.0
_755, l755 ,2163657.0
_756, l756 ,4307580.0
_757, l757 ,3425709.0
_758, l758 ,3568116.0
_759, l759 ,5308913.0
_760, l760 ,1756476.0
_761, l761 ,3900218.0
_762, l762 ,12927921.0
_763, l763 ,20141421.0
_764, l764 ,5716242.0
_765, l765 ,410686.0
_766, l766 ,8947147.0
_767, l767 ,56801.0
_768, l768 ,2890971.0
_769, l769 ,3187645.0
_770, l770 ,11121186.0
_771, l771 ,15861311.0
_772, l772 ,4728516.0
_773, l773 ,5512648.0
_774, l774 ,607974.0
_775, l775 ,5478759.0
_776, l776 ,366740.0
_777, l777 ,2981880.0
_778, l778 ,1818749.0
_779, l779 ,8651798.0
_780, l780 ,5405836.0
_781, l781 ,859874.0
_782, l782 ,7322838.0
_783, l783 ,15844179.0
_784, l784 ,5262778.0
_785, l785 ,3020830.0
_786, l786 ,10725609.0
_787, l787 ,775948.0
_788, l788 ,5002912.0
_789, l789 ,58911726.0
_790, l790 ,11177410.0
_791, l791 ,4110956.0
_792, l792 ,4238688.0
_793, l793 ,1364496.0
_794, l794 ,4852314.0
_795, l795 ,6503454.0
_796, l796 ,2435365.0
_797, l797 ,1734492.0
_798, l798 ,5459820.0
_799, l799 ,315641.0
_800, l800 ,13220465.0
_801, l801 ,128523669.0
_802, l802 ,1151588.0
_803, l803 ,285679.0
_804, l804 ,6871935.0
_805, l805 ,5639419.0
_806, l806 ,668470.0
_807, l807 ,409373.0
_808, l808 ,88735433.0
_809, l809 ,18555343.0
_810, l810 ,994166.0
_811, l811 ,13507024.0
_812, l812 ,955042.0
_813, l813 ,7925436.0
_814, l814 ,8662725.0
_815, l815 ,1370121.0
_816, l816 ,1498456.0
_817, l817 ,19705763.0
_818, l818 ,1758042.0
_819, l819 ,3319060.0
_820, l820 ,9146769.0
_821, l821 ,3687913.0
_822, l822 ,2211840.0
_823, l823 ,4282661.0
_824, l824 ,2553771.0
_825, l825 ,21488181.0
_826, l826 ,20450151.0
_827, l827 ,5303092.0
_828, l828 ,48749586.0
_829, l829 ,1039386.0
_830, l830 ,6959436.0
_831, l831 ,3298832.0
_832, l832 ,358645.0
_833, l833 ,557744.0
_834, l834 ,1292347.0
_835, l835 ,1045958.0
_836, l836 ,9754973.0
_837, l837 ,1551759.0
_838, l838 ,53858887.0
_839, l839 ,23210750.0
_840, l840 ,4238453.0
_841, l841 ,4864267.0
_842, l842 ,411902.0
_843, l843 ,1202929.0
_844, l844 ,9562091.0
_845, l845 ,2086853.0
_846, l846 ,14377071.0
_847, l847 ,nan
_848, l848 ,4900784.0
_849, l849 ,455923.0
_850, l850 ,7220480.0
_851, l851 ,17079598.0
_852, l852 ,593842.0
_853, l853 ,1084653.0
_854, l854 ,18397343.0
_855, l855 ,4044567.0
_856, l856 ,7507345.0
_857, l857 ,377892.0
_858, l858 ,28889561.0
_859, l859 ,5716041.0
_860, l860 ,9874065.0
_861, l861 ,8235829.0
_862, l862 ,7553224.0
_863, l863 ,33271039.0
_864, l864 ,3926544.0
_865, l865 ,255574.0
_866, l866 ,4772437.0
_867, l867 ,495733.0
_868, l868 ,959113.0
_869, l869 ,41743162.0
_870, l870 ,3265611.0
_871, l871 ,4326242.0
_872, l872 ,534677.0
_873, l873 ,6744251.0
_874, l874 ,11897479.0
_875, l875 ,23018801.0
_876, l876 ,538395.0
_877, l877 ,3975430.0
_878, l878 ,35512670.0
_879, l879 ,4927282.0
_880, l880 ,782757.0
_881, l881 ,10934837.0
_882, l882 ,1247064.0
_883, l883 ,12116672.0
_884, l884 ,31585005.0
_885, l885 ,7910915.0
_886, l886 ,4377542.0
_887, l887 ,5711195.0
_888, l888 ,5835035.0
_889, l889 ,2317802.0
_890, l890 ,1899034.0
_891, l891 ,3526088.0
_892, l892 ,1736916.0
_893, l893 ,2942191.0
_894, l894 ,7425583.0
_895, l895 ,2194831.0
_896, l896 ,610477.0
_897, l897 ,50581341.0
_898, l898 ,69384611.0
_899, l899 ,5524861.0
_900, l900 ,2116606.0
_901, l901 ,21030833.0
_902, l902 ,26871836.0
_903, l903 ,6442851.0
_904, l904 ,4129824.0
_905, l905 ,7144140.0
_906, l906 ,4310816.0
_907, l907 ,18397343.0
_908, l908 ,9527141.0
_909, l909 ,14835418.0
_910, l910 ,4623480.0
_911, l911 ,4562774.0
_912, l912 ,626441.0
_913, l913 ,2722665.0
_914, l914 ,287631.0
_915, l915 ,2284842.0
_916, l916 ,7220306.0
_917, l917 ,7587401.0
_918, l918 ,7951859.0
_919, l919 ,6156950.0
_920, l920 ,107821.0
_921, l921 ,5267697.0
_922, l922 ,9092203.0
_923, l923 ,9560610.0
_924, l924 ,19688046.0
_925, l925 ,7631114.0
_926, l926 ,8757023.0
_927, l927 ,1880497.0
_928, l928 ,29389077.0
_929, l929 ,4460910.0
_930, l930 ,8697265.0
_931, l931 ,6785068.0
_932, l932 ,2116410.0
_933, l933 ,2706454.0
_934, l934 ,982437.0
_935, l935 ,3736622.0
_936, l936 ,8072001.0
_937, l937 ,15436562.0
_938, l938 ,3780651.0
_939, l939 ,1564035.0
_940, l940 ,1719995.0
_941, l941 ,5727565.0
_942, l942 ,1462184.0
_943, l943 ,7362473.0
_944, l944 ,4358955.0
_945, l945 ,46673207.0
_946, l946 ,149670.0
_947, l947 ,5618055.0
_948, l948 ,391012.0
_949, l949 ,15805980.0
_950, l950 ,21852947.0
_951, l951 ,7651895.0
_952, l952 ,3666038.0
_953, l953 ,931510.0
_954, l954 ,1391916.0
_955, l955 ,11573859.0
_956, l956 ,56423.0
_957, l957 ,8447361.0
_958, l958 ,655079.0
_959, l959 ,2210600.0
_960, l960 ,3438246.0
_961, l961 ,58589586.0
_962, l962 ,3000832.0
_963, l963 ,471205.0
_964, l964 ,3173716.0
_965, l965 ,2577808.0
_966, l966 ,509949.0
_967, l967 ,8414324.0
_968, l968 ,1890630.0
_969, l969 ,363994.0
_970, l970 ,7878372.0
_971, l971 ,1485412.0
_972, l972 ,13279614.0
_973, l973 ,15065343.0
_974, l974 ,1201199.0
_975, l975 ,24403119.0
_976, l976 ,347551.0
_977, l977 ,3128581.0
_978, l978 ,1948920.0
_979, l979 ,11238939.0
_980, l980 ,1265592.0
_981, l981 ,1117634.0
_982, l982 ,26055529.0
_983, l983 ,36015309.0
_984, l984 ,2467545.0
_985, l985 ,13695822.0
_986, l986 ,3526412.0
_987, l987 ,66575155.0
_988, l988 ,19404.0
_989, l989 ,20204976.0
_990, l990 ,784191.0
_991, l991 ,2017423.0
_992, l992 ,60443812.0
_993, l993 ,28854895.0
_994, l994 ,2813171.0
_995, l995 ,9671088.0
_996, l996 ,10483436.0
_997, l997 ,4494124.0
_998, l998 ,602735.0
_999, l999 ,10477660.0
_1000, l1000 ,1233429.0
_1001, l1001 ,6469450.0
_1002, l1002 ,685747.0
_1003, l1003 ,5180632.0
_1004, l1004 ,25404726.0
_1005, l1005 ,8779584.0
_1006, l1006 ,3261737.0
_1007, l1007 ,4654052.0
_1008, l1008 ,10429562.0
_1009, l1009 ,2502017.0
_1010, l1010 ,14469550.0
_1011, l1011 ,2450765.0
_1012, l1012 ,676352.0
_1013, l1013 ,2044930.0
_1014, l1014 ,8812451.0
_1015, l1015 ,780160.0
_1016, l1016 ,22203239.0
_1017, l1017 ,4385293.0
_1018, l1018 ,11096456.0
_1019, l1019 ,2143822.0
_1020, l1020 ,784691.0
_1021, l1021 ,3848072.0
_1022, l1022 ,4455493.0
_1023, l1023 ,11387553.0
_1024, l1024 ,2828796.0
_1025, l1025 ,3148300.0
_1026, l1026 ,1607437.0
_1027, l1027 ,141488.0
_1028, l1028 ,6465810.0
_1029, l1029 ,4873355.0
_1030, l1030 ,2608025.0
_1031, l1031 ,82629.0
_1032, l1032 ,5116124.0
_1033, l1033 ,3755513.0
_1034, l1034 ,9374692.0
_1035, l1035 ,1241513.0
_1036, l1036 ,2791586.0
_1037, l1037 ,8406421.0
_1038, l1038 ,2697974.0
_1039, l1039 ,13574466.0
_1040, l1040 ,1037634.0
_1041, l1041 ,7127099.0
_1042, l1042 ,2524548.0
_1043, l1043 ,2813157.0
_1044, l1044 ,9438137.0
_1045, l1045 ,3930108.0
_1046, l1046 ,29260698.0
_1047, l1047 ,1462458.0
_1048, l1048 ,557444.0
_1049, l1049 ,6416735.0
_1050, l1050 ,13959146.0
_1051, l1051 ,20329220.0
_1052, l1052 ,2598226.0
_1053, l1053 ,2461431.0
_1054, l1054 ,1476576.0
_1055, l1055 ,1399730.0
_1056, l1056 ,17841211.0
_1057, l1057 ,4096500.0
_1058, l1058 ,10233354.0
_1059, l1059 ,11746722.0
_1060, l1060 ,18033990.0
_1061, l1061 ,2337249.0
_1062, l1062 ,56151431.0
_1063, l1063 ,3280537.0
_1064, l1064 ,1390569.0
_1065, l1065 ,2437807.0
_1066, l1066 ,12448472.0
_1067, l1067 ,591836.0
_1068, l1068 ,7749803.0
_1069, l1069 ,1719664.0
_1070, l1070 ,1440847.0
_1071, l1071 ,42366807.0
_1072, l1072 ,15795416.0
_1073, l1073 ,10460381.0
_1074, l1074 ,7790168.0
_1075, l1075 ,881401.0
_1076, l1076 ,14275047.0
_1077, l1077 ,2859877.0
_1078, l1078 ,8964635.0
_1079, l1079 ,10062931.0
_1080, l1080 ,20037727.0
_1081, l1081 ,11327069.0
_1082, l1082 ,23263666.0
_1083, l1083 ,241128.0
_1084, l1084 ,12111326.0
_1085, l1085 ,7472048.0
_1086, l1086 ,18958643.0
_1087, l1087 ,185945.0
_1088, l1088 ,1483594.0
_1089, l1089 ,591537.0
_1090, l1090 ,10375943.0
_1091, l1091 ,6706510.0
_1092, l1092 ,8164272.0
_1093, l1093 ,1306787.0
_1094, l1094 ,51492933.0
_1095, l1095 ,3526695.0
_1096, l1096 ,8459391.0
_1097, l1097 ,2232308.0
_1098, l1098 ,4153959.0
_1099, l1099 ,8004457.0
_1100, l1100 ,16114174.0
_1101, l1101 ,9024080.0
_1102, l1102 ,3081219.0
_1103, l1103 ,8787975.0
_1104, l1104 ,9168971.0
_1105, l1105 ,4132694.0
_1106, l1106 ,8670180.0
_1107, l1107 ,nan
_1108, l1108 ,3026091.0
_1109, l1109 ,308329.0
_1110, l1110 ,3007248.0
_1111, l1111 ,10456833.0
_1112, l1112 ,7739019.0
_1113, l1113 ,4808504.0
_1114, l1114 ,139017.0
_1115, l1115 ,12043197.0
_1116, l1116 ,2920739.0
_1117, l1117 ,2503907.0
_1118, l1118 ,821098.0
_1119, l1119 ,17668055.0
_1120, l1120 ,9719065.0
_1121, l1121 ,17162240.0
_1122, l1122 ,2243877.0
_1123, l1123 ,4960485.0
_1124, l1124 ,35699982.0
_1125, l1125 ,98415227.0
_1126, l1126 ,5143400.0
_1127, l1127 ,4077562.0
_1128, l1128 ,7112817.0
_1129, l1129 ,1355499.0
_1130, l1130 ,12117808.0
_1131, l1131 ,14947217.0
_1132, l1132 ,2212948.0
_1133, l1133 ,10051838.0
_1134, l1134 ,3389085.0
_1135, l1135 ,440810.0
_1136, l1136 ,4379749.0
_1137, l1137 ,9050210.0
_1138, l1138 ,2653161.0
_1139, l1139 ,3329962.0
_1140, l1140 ,2155014.0
_1141, l1141 ,3752260.0
_1142, l1142 ,2677711.0
_1143, l1143 ,19114039.0
_1144, l1144 ,27269440.0
_1145, l1145 ,1475904.0
_1146, l1146 ,3457998.0
_1147, l1147 ,2383168.0
_1148, l1148 ,2791350.0
_1149, l1149 ,1541756.0
_1150, l1150 ,4426804.0
_1151, l1151 ,170513.0
_1152, l1152 ,9993260.0
_1153, l1153 ,5430719.0
_1154, l1154 ,6341591.0
_1155, l1155 ,1695970.0
_1156, l1156 ,1470662.0
_1157, l1157 ,1675867.0
_1158, l1158 ,1583319.0
_1159, l1159 ,2044930.0
_1160, l1160 ,7564291.0
_1161, l1161 ,299235.0
_1162, l1162 ,8524071.0
_1163, l1163 ,13580762.0
_1164, l1164 ,13747050.0
_1165, l1165 ,15488533.0
_1166, l1166 ,5057014.0
_1167, l1167 ,6221207.0
_1168, l1168 ,12425605.0
_1169, l1169 ,15382133.0
_1170, l1170 ,1432070.0
_1171, l1171 ,510603.0
_1172, l1172 ,3752506.0
_1173, l1173 ,6497168.0
_1174, l1174 ,6905143.0
_1175, l1175 ,18056992.0
_1176, l1176 ,22013523.0
_1177, l1177 ,8284341.0
_1178, l1178 ,163840.0
_1179, l1179 ,1434927.0
_1180, l1180 ,568302.0
_1181, l1181 ,1350096.0
_1182, l1182 ,30783296.0
_1183, l1183 ,5875633.0
_1184, l1184 ,20014499.0
_1185, l1185 ,7025259.0
_1186, l1186 ,1333093.0
_1187, l1187 ,2548196.0
_1188, l1188 ,58839356.0
_1189, l1189 ,14895948.0
_1190, l1190 ,5655671.0
_1191, l1191 ,16793682.0
_1192, l1192 ,5672527.0
_1193, l1193 ,5817255.0
_1194, l1194 ,18290420.0
_1195, l1195 ,10384165.0
_1196, l1196 ,11863293.0
_1197, l1197 ,442294.0
_1198, l1198 ,27567943.0
_1199, l1199 ,4122225.0
_1200, l1200 ,1972151.0
_1201, l1201 ,1532863.0
_1202, l1202 ,5057245.0
_1203, l1203 ,11675219.0
_1204, l1204 ,1472817.0
_1205, l1205 ,860741.0
_1206, l1206 ,4542774.0
_1207, l1207 ,2405614.0
_1208, l1208 ,5184740.0
_1209, l1209 ,4196274.0
_1210, l1210 ,9363173.0
_1211, l1211 ,1417368.0
_1212, l1212 ,3626399.0
_1213, l1213 ,144919.0
_1214, l1214 ,1666703.0
_1215, l1215 ,737860.0
_1216, l1216 ,2981011.0
_1217, l1217 ,238634.0
_1218, l1218 ,11592209.0
_1219, l1219 ,9040838.0
_1220, l1220 ,2535972.0
_1221, l1221 ,2513471.0
_1222, l1222 ,3655513.0
_1223, l1223 ,67555733.0
_1224, l1224 ,490898.0
_1225, l1225 ,233516.0
_1226, l1226 ,32145366.0
_1227, l1227 ,2195675.0
_1228, l1228 ,17792.0
_1229, l1229 ,9654787.0
_1230, l1230 ,5751717.0
_1231, l1231 ,33269601.0
_1232, l1232 ,5812992.0
_1233, l1233 ,156159.0
_1234, l1234 ,11645227.0
_1235, l1235 ,3187078.0
_1236, l1236 ,13882137.0
_1237, l1237 ,5276270.0
_1238, l1238 ,3142049.0
_1239, l1239 ,9099246.0
_1240, l1240 ,3736485.0
_1241, l1241 ,863760.0
_1242, l1242 ,26639282.0
_1243, l1243 ,19173728.0
_1244, l1244 ,2211307.0
_1245, l1245 ,532651.0
_1246, l1246 ,58001365.0
_1247, l1247 ,17220993.0
_1248, l1248 ,11868089.0
_1249, l1249 ,5454783.0
_1250, l1250 ,6689222.0
_1251, l1251 ,715056.0
_1252, l1252 ,59371169.0
_1253, l1253 ,3706034.0
_1254, l1254 ,2134537.0
_1255, l1255 ,1757628.0
_1256, l1256 ,518120.0
_1257, l1257 ,1938789.0
_1258, l1258 ,2863708.0
_1259, l1259 ,5946471.0
_1260, l1260 ,911511.0
_1261, l1261 ,12924337.0
_1262, l1262 ,3168644.0
_1263, l1263 ,1625541.0
_1264, l1264 ,3351484.0
_1265, l1265 ,447792.0
_1266, l1266 ,156356.0
_1267, l1267 ,1673119.0
_1268, l1268 ,139786870.0
_1269, l1269 ,3756740.0
_1270, l1270 ,4530396.0
_1271, l1271 ,1263993.0
_1272, l1272 ,8187587.0
_1273, l1273 ,23035147.0
_1274, l1274 ,1061788.0
_1275, l1275 ,9026101.0
_1276, l1276 ,7302918.0
_1277, l1277 ,4499701.0
_1278, l1278 ,8224314.0
_1279, l1279 ,3918907.0
_1280, l1280 ,9491244.0
_1281, l1281 ,6501517.0
_1282, l1282 ,583680.0
_1283, l1283 ,3222514.0
_1284, l1284 ,4341026.0
_1285, l1285 ,1572116.0
_1286, l1286 ,1619859.0
_1287, l1287 ,1440847.0
_1288, l1288 ,19906810.0
_1289, l1289 ,8580323.0
_1290, l1290 ,3370077.0
_1291, l1291 ,1406640.0
_1292, l1292 ,73977603.0
_1293, l1293 ,9279112.0
_1294, l1294 ,857158.0
_1295, l1295 ,1135616.0
_1296, l1296 ,2462470.0
_1297, l1297 ,17476206.0
_1298, l1298 ,2051540.0
_1299, l1299 ,2490483.0
_1300, l1300 ,6303699.0
_1301, l1301 ,350260.0
_1302, l1302 ,13757717.0
_1303, l1303 ,2318345.0
_1304, l1304 ,1333539.0
_1305, l1305 ,4687028.0
_1306, l1306 ,673754.0
_1307, l1307 ,8064881.0
_1308, l1308 ,3527784.0
_1309, l1309 ,8943612.0
_1310, l1310 ,1768507.0
_1311, l1311 ,3865132.0
_1312, l1312 ,20360524.0
_1313, l1313 ,101804627.0
_1314, l1314 ,9586849.0
_1315, l1315 ,13808490.0
_1316, l1316 ,465349.0
_1317, l1317 ,18963608.0
_1318, l1318 ,3536138.0
_1319, l1319 ,10420664.0
_1320, l1320 ,2888008.0
_1321, l1321 ,4143361.0
_1322, l1322 ,428605.0
_1323, l1323 ,8790323.0
_1324, l1324 ,3103496.0
_1325, l1325 ,4659387.0
_1326, l1326 ,3904980.0
_1327, l1327 ,4553312.0
_1328, l1328 ,4401950.0
_1329, l1329 ,2718706.0
_1330, l1330 ,1064407.0
_1331, l1331 ,3576532.0
_1332, l1332 ,3237870.0
_1333, l1333 ,1605356.0
_1334, l1334 ,2462411.0
_1335, l1335 ,1671146.0
_1336, l1336 ,13298958.0
_1337, l1337 ,4811501.0
_1338, l1338 ,1345846.0
_1339, l1339 ,4265894.0
_1340, l1340 ,6910316.0
_1341, l1341 ,16321341.0
_1342, l1342 ,3103742.0
_1343, l1343 ,6066766.0
_1344, l1344 ,9893036.0
_1345, l1345 ,3905279.0
_1346, l1346 ,9346436.0
_1347, l1347 ,6585724.0
_1348, l1348 ,19438132.0
_1349, l1349 ,4458958.0
_1350, l1350 ,6943505.0
_1351, l1351 ,3006146.0
_1352, l1352 ,11208524.0
_1353, l1353 ,5504097.0
_1354, l1354 ,6817749.0
_1355, l1355 ,7414788.0
_1356, l1356 ,10488612.0
_1357, l1357 ,1354185.0
_1358, l1358 ,39694527.0
_1359, l1359 ,40587471.0
_1360, l1360 ,580522.0
_1361, l1361 ,9706999.0
_1362, l1362 ,4538214.0
_1363, l1363 ,1474045.0
_1364, l1364 ,1395278.0
_1365, l1365 ,3254096.0
_1366, l1366 ,4270155.0
_1367, l1367 ,156916.0
_1368, l1368 ,6108268.0
_1369, l1369 ,3462755.0
_1370, l1370 ,3044210.0
_1371, l1371 ,7690508.0
_1372, l1372 ,3209296.0
_1373, l1373 ,2505573.0
_1374, l1374 ,10262643.0
_1375, l1375 ,1176476.0
_1376, l1376 ,1195298.0
_1377, l1377 ,4808504.0
_1378, l1378 ,5674887.0
_1379, l1379 ,9031181.0
_1380, l1380 ,3913951.0
_1381, l1381 ,1969978.0
_1382, l1382 ,40702229.0
_1383, l1383 ,1817300.0
_1384, l1384 ,5834110.0
_1385, l1385 ,161776.0
_1386, l1386 ,18752859.0
_1387, l1387 ,2079904.0
_1388, l1388 ,743603.0
_1389, l1389 ,10599109.0
_1390, l1390 ,4115007.0
_1391, l1391 ,14189163.0
_1392, l1392 ,8211224.0
_1393, l1393 ,566230.0
_1394, l1394 ,1619859.0
_1395, l1395 ,4073657.0
_1396, l1396 ,737641.0
_1397, l1397 ,21090344.0
_1398, l1398 ,7532635.0
_1399, l1399 ,494471.0
_1400, l1400 ,6205922.0
_1401, l1401 ,45814464.0
_1402, l1402 ,2556382.0
_1403, l1403 ,9065295.0
_1404, l1404 ,4191947.0
_1405, l1405 ,11559209.0
_1406, l1406 ,10054339.0
_1407, l1407 ,2361154.0
_1408, l1408 ,8969634.0
_1409, l1409 ,7911850.0
_1410, l1410 ,4718161.0
_1411, l1411 ,7371439.0
_1412, l1412 ,9665965.0
_1413, l1413 ,17301042.0
_1414, l1414 ,16719586.0
_1415, l1415 ,903737.0
_1416, l1416 ,2764208.0
_1417, l1417 ,13324483.0
_1418, l1418 ,12782577.0
_1419, l1419 ,20442760.0
_1420, l1420 ,2406354.0
_1421, l1421 ,20544217.0
_1422, l1422 ,5974314.0
_1423, l1423 ,2599870.0
_1424, l1424 ,1220319.0
_1425, l1425 ,734441.0
_1426, l1426 ,6341924.0
_1427, l1427 ,1347324.0
_1428, l1428 ,1876907.0
_1429, l1429 ,3736242.0
_1430, l1430 ,8635776.0
_1431, l1431 ,5243832.0
_1432, l1432 ,1218625.0
_1433, l1433 ,1186103.0
_1434, l1434 ,37396503.0
_1435, l1435 ,3695402.0
_1436, l1436 ,204207.0
_1437, l1437 ,4777485.0
_1438, l1438 ,25666480.0
_1439, l1439 ,2301579.0
_1440, l1440 ,328663.0
_1441, l1441 ,4802614.0
_1442, l1442 ,1835402.0
_1443, l1443 ,4375552.0
_1444, l1444 ,3179373.0
_1445, l1445 ,5045706.0
_1446, l1446 ,13506560.0
_1447, l1447 ,959317.0
_1448, l1448 ,68841.0
_1449, l1449 ,351317.0
_1450, l1450 ,1983316.0
_1451, l1451 ,2086705.0
_1452, l1452 ,1890276.0
_1453, l1453 ,16970256.0
_1454, l1454 ,11873660.0
_1455, l1455 ,840510.0
_1456, l1456 ,2857413.0
_1457, l1457 ,20602978.0
_1458, l1458 ,5477858.0
_1459, l1459 ,75011.0
_1460, l1460 ,31324378.0
_1461, l1461 ,2022358.0
_1462, l1462 ,117556248.0
_1463, l1463 ,27408112.0
_1464, l1464 ,20193900.0
_1465, l1465 ,288414.0
_1466, l1466 ,11260817.0
_1467, l1467 ,20595229.0
_1468, l1468 ,4950626.0
_1469, l1469 ,10209385.0
_1470, l1470 ,11594986.0
_1471, l1471 ,16801259.0
_1472, l1472 ,9420752.0
_1473, l1473 ,466541.0
_1474, l1474 ,15269612.0
_1475, l1475 ,2241708.0
_1476, l1476 ,1198879.0
_1477, l1477 ,324695.0
_1478, l1478 ,1920530.0
_1479, l1479 ,9570109.0
_1480, l1480 ,1679744.0
_1481, l1481 ,3179174.0
_1482, l1482 ,649980.0
_1483, l1483 ,1806863.0
_1484, l1484 ,4193604.0
_1485, l1485 ,12784582.0
_1486, l1486 ,7745177.0
_1487, l1487 ,11776296.0
_1488, l1488 ,990322.0
_1489, l1489 ,1893607.0
_1490, l1490 ,4929323.0
_1491, l1491 ,7487113.0
_1492, l1492 ,30908350.0
_1493, l1493 ,1710630.0
_1494, l1494 ,3216746.0
_1495, l1495 ,986458.0
_1496, l1496 ,1317887.0
_1497, l1497 ,16387219.0
_1498, l1498 ,1557345.0
_1499, l1499 ,8218036.0
_1500, l1500 ,15330169.0
_1501, l1501 ,1149125.0
_1502, l1502 ,13266172.0
_1503, l1503 ,838313.0
_1504, l1504 ,9691576.0
_1505, l1505 ,114876.0
_1506, l1506 ,146944.0
_1507, l1507 ,623649.0
_1508, l1508 ,50579362.0
_1509, l1509 ,1461073.0
_1510, l1510 ,3389746.0
_1511, l1511 ,14825022.0
_1512, l1512 ,17571316.0
_1513, l1513 ,4317923.0
_1514, l1514 ,23773620.0
_1515, l1515 ,239909.0
_1516, l1516 ,2312925.0
_1517, l1517 ,1169074.0
_1518, l1518 ,687444.0
_1519, l1519 ,379030.0
_1520, l1520 ,42700765.0
_1521, l1521 ,11848507.0
_1522, l1522 ,8069830.0
_1523, l1523 ,25465864.0
_1524, l1524 ,3987377.0
_1525, l1525 ,23003928.0
_1526, l1526 ,4458289.0
_1527, l1527 ,10526121.0
_1528, l1528 ,4282193.0
_1529, l1529 ,3125045.0
_1530, l1530 ,2153135.0
_1531, l1531 ,8754955.0
_1532, l1532 ,9989354.0
_1533, l1533 ,1661758.0
_1534, l1534 ,6981739.0
_1535, l1535 ,1873197.0
_1536, l1536 ,1294617.0
_1537, l1537 ,2876424.0
_1538, l1538 ,1959597.0
_1539, l1539 ,49297913.0
_1540, l1540 ,841339.0
_1541, l1541 ,2565425.0
_1542, l1542 ,1354526.0
_1543, l1543 ,24268361.0
_1544, l1544 ,27186725.0
_1545, l1545 ,20756676.0
_1546, l1546 ,2145029.0
_1547, l1547 ,1322107.0
_1548, l1548 ,7751027.0
_1549, l1549 ,1679744.0
_1550, l1550 ,3305978.0
_1551, l1551 ,5109195.0
_1552, l1552 ,4097376.0
_1553, l1553 ,4939530.0
_1554, l1554 ,2930631.0
_1555, l1555 ,3609854.0
_1556, l1556 ,1754084.0
_1557, l1557 ,2825256.0
_1558, l1558 ,10139221.0
_1559, l1559 ,7655204.0
_1560, l1560 ,192984702.0
_1561, l1561 ,2002560.0
_1562, l1562 ,39370534.0
_1563, l1563 ,2860601.0
_1564, l1564 ,465815.0
_1565, l1565 ,11888584.0
_1566, l1566 ,15846076.0
_1567, l1567 ,16983564.0
_1568, l1568 ,916093.0
_1569, l1569 ,1151937.0
_1570, l1570 ,3506541.0
_1571, l1571 ,2030458.0
_1572, l1572 ,13911066.0
_1573, l1573 ,3432063.0
_1574, l1574 ,14308868.0
_1575, l1575 ,53060768.0
_1576, l1576 ,2023332.0
_1577, l1577 ,1807417.0
_1578, l1578 ,972317.0
_1579, l1579 ,1860201.0
_1580, l1580 ,7968137.0
_1581, l1581 ,1701592.0
_1582, l1582 ,27885019.0
_1583, l1583 ,1917388.0
_1584, l1584 ,10087512.0
_1585, l1585 ,1175762.0
_1586, l1586 ,2160822.0
_1587, l1587 ,9057518.0
_1588, l1588 ,83762550.0
_1589, l1589 ,2231177.0
_1590, l1590 ,19974008.0
_1591, l1591 ,4174018.0
_1592, l1592 ,101333898.0
_1593, l1593 ,3611920.0
_1594, l1594 ,217330.0
_1595, l1595 ,4495794.0
_1596, l1596 ,4228963.0
_1597, l1597 ,6501928.0
_1598, l1598 ,3031304.0
_1599, l1599 ,5495167.0
_1600, l1600 ,311296.0
_1601, l1601 ,3864584.0
_1602, l1602 ,229851.0
_1603, l1603 ,12588713.0
_1604, l1604 ,7041089.0
_1605, l1605 ,232094.0
_1606, l1606 ,2188004.0
_1607, l1607 ,59662261.0
_1608, l1608 ,16575685.0
_1609, l1609 ,6405186.0
_1610, l1610 ,40246371.0
_1611, l1611 ,3713034.0
_1612, l1612 ,620814.0
_1613, l1613 ,30017075.0
_1614, l1614 ,5911207.0
_1615, l1615 ,13944598.0
_1616, l1616 ,15024700.0
_1617, l1617 ,2557565.0
_1618, l1618 ,10157897.0
_1619, l1619 ,1072003.0
_1620, l1620 ,2763062.0
_1621, l1621 ,14233089.0
_1622, l1622 ,3131759.0
_1623, l1623 ,5754314.0
_1624, l1624 ,6440160.0
_1625, l1625 ,18660357.0
_1626, l1626 ,4299003.0
_1627, l1627 ,691930.0
_1628, l1628 ,6041267.0
_1629, l1629 ,16149963.0
_1630, l1630 ,1028797.0
_1631, l1631 ,10190109.0
_1632, l1632 ,5527081.0
_1633, l1633 ,8145628.0
_1634, l1634 ,951081.0
_1635, l1635 ,14043142.0
_1636, l1636 ,5546425.0
_1637, l1637 ,23783473.0
_1638, l1638 ,6598006.0
_1639, l1639 ,17341556.0
_1640, l1640 ,818019.0
_1641, l1641 ,8507981.0
_1642, l1642 ,119501.0
_1643, l1643 ,2070122.0
_1644, l1644 ,724948.0
_1645, l1645 ,3520263.0
_1646, l1646 ,2722677.0
_1647, l1647 ,713239.0
_1648, l1648 ,4920992.0
_1649, l1649 ,38318579.0
_1650, l1650 ,22880583.0
_1651, l1651 ,58437933.0
_1652, l1652 ,5031413.0
_1653, l1653 ,17719465.0
_1654, l1654 ,1284700.0
_1655, l1655 ,6363353.0
_1656, l1656 ,4549173.0
_1657, l1657 ,7539500.0
_1658, l1658 ,19990943.0
_1659, l1659 ,4884485.0
_1660, l1660 ,4114077.0
_1661, l1661 ,3462734.0
_1662, l1662 ,3454700.0
_1663, l1663 ,5672580.0
_1664, l1664 ,743624.0
_1665, l1665 ,8948728.0
_1666, l1666 ,1727725.0
_1667, l1667 ,14066850.0
_1668, l1668 ,691643.0
_1669, l1669 ,725848.0
_1670, l1670 ,11271364.0
_1671, l1671 ,7100209.0
_1672, l1672 ,3795416.0
_1673, l1673 ,6090827.0
_1674, l1674 ,10352441.0
_1675, l1675 ,160247.0
_1676, l1676 ,1252334.0
_1677, l1677 ,2747365.0
_1678, l1678 ,7445079.0
_1679, l1679 ,22707602.0
_1680, l1680 ,2409165.0
_1681, l1681 ,1495119.0
_1682, l1682 ,5076146.0
_1683, l1683 ,4446621.0
_1684, l1684 ,10780332.0
_1685, l1685 ,2226493.0
_1686, l1686 ,110773.0
_1687, l1687 ,413057.0
_1688, l1688 ,13163167.0
_1689, l1689 ,3789280.0
_1690, l1690 ,1421716.0
_1691, l1691 ,5307724.0
_1692, l1692 ,1687595.0
_1693, l1693 ,974540.0
_1694, l1694 ,248383.0
_1695, l1695 ,6974684.0
_1696, l1696 ,42572141.0
_1697, l1697 ,11675219.0
_1698, l1698 ,239149.0
_1699, l1699 ,1154178.0
_1700, l1700 ,54954537.0
_1701, l1701 ,2972907.0
_1702, l1702 ,7251294.0
_1703, l1703 ,19720809.0
_1704, l1704 ,4636051.0
_1705, l1705 ,4720861.0
_1706, l1706 ,12621425.0
_1707, l1707 ,1859038.0
_1708, l1708 ,1760314.0
_1709, l1709 ,4068044.0
_1710, l1710 ,3746610.0
_1711, l1711 ,15825897.0
_1712, l1712 ,8605360.0
_1713, l1713 ,9002821.0
_1714, l1714 ,7454228.0
_1715, l1715 ,783534.0
_1716, l1716 ,15218223.0
_1717, l1717 ,10047856.0
_1718, l1718 ,16980351.0
_1719, l1719 ,995867.0
_1720, l1720 ,1245676.0
_1721, l1721 ,203856.0
_1722, l1722 ,34348472.0
_1723, l1723 ,4606846.0
_1724, l1724 ,2461934.0
_1725, l1725 ,3586400.0
_1726, l1726 ,5115657.0
_1727, l1727 ,6080559.0
_1728, l1728 ,9603616.0
_1729, l1729 ,2476442.0
_1730, l1730 ,3622141.0
_1731, l1731 ,139019.0
_1732, l1732 ,2055690.0
_1733, l1733 ,1482700.0
_1734, l1734 ,590569.0
_1735, l1735 ,201884.0
_1736, l1736 ,652959.0
_1737, l1737 ,5146383.0
_1738, l1738 ,12187567.0
_1739, l1739 ,5420179.0
_1740, l1740 ,2241729.0
_1741, l1741 ,2345588.0
_1742, l1742 ,209726328.0
_1743, l1743 ,12452680.0
_1744, l1744 ,573440.0
_1745, l1745 ,24046770.0
_1746, l1746 ,4722933.0
_1747, l1747 ,2066753.0
_1748, l1748 ,1561541.0
_1749, l1749 ,22091807.0
_1750, l1750 ,35363810.0
_1751, l1751 ,957939.0
_1752, l1752 ,3206232.0
_1753, l1753 ,18688462.0
_1754, l1754 ,834617.0
_1755, l1755 ,14148444.0
_1756, l1756 ,45475477.0
_1757, l1757 ,16032819.0
_1758, l1758 ,29298334.0
_1759, l1759 ,1079495.0
_1760, l1760 ,2904191.0
_1761, l1761 ,4392055.0
_1762, l1762 ,371341.0
_1763, l1763 ,29832974.0
_1764, l1764 ,1625771.0
_1765, l1765 ,22750811.0
_1766, l1766 ,1915061.0
_1767, l1767 ,4219851.0
_1768, l1768 ,24407411.0
_1769, l1769 ,16882012.0
_1770, l1770 ,3361422.0
_1771, l1771 ,1390400.0
_1772, l1772 ,18910284.0
_1773, l1773 ,2760465.0
_1774, l1774 ,11310095.0
_1775, l1775 ,108822.0
_1776, l1776 ,3245928.0
_1777, l1777 ,14706334.0
_1778, l1778 ,33058641.0
_1779, l1779 ,4923365.0
_1780, l1780 ,21979810.0
_1781, l1781 ,6336175.0
_1782, l1782 ,5905058.0
_1783, l1783 ,4011965.0
_1784, l1784 ,7533185.0
_1785, l1785 ,4588990.0
_1786, l1786 ,11165179.0
_1787, l1787 ,18961617.0
_1788, l1788 ,278420.0
_1789, l1789 ,3456681.0
_1790, l1790 ,2520722.0
_1791, l1791 ,972317.0
_1792, l1792 ,709680.0
_1793, l1793 ,2173167.0
_1794, l1794 ,1244153.0
_1795, l1795 ,959029.0
_1796, l1796 ,15916408.0
_1797, l1797 ,18879588.0
_1798, l1798 ,10034448.0
_1799, l1799 ,210345.0
_1800, l1800 ,2881623.0
_1801, l1801 ,11032790.0
_1802, l1802 ,3957357.0
_1803, l1803 ,4775373.0
_1804, l1804 ,4161363.0
_1805, l1805 ,4825670.0
_1806, l1806 ,18570753.0
_1807, l1807 ,23771991.0
_1808, l1808 ,15991812.0
_1809, l1809 ,4010850.0
_1810, l1810 ,15104128.0
_1811, l1811 ,3841382.0
_1812, l1812 ,15368323.0
_1813, l1813 ,15481321.0
_1814, l1814 ,8091180.0
_1815, l1815 ,4929890.0
_1816, l1816 ,6687924.0
_1817, l1817 ,40283330.0
_1818, l1818 ,875872.0
_1819, l1819 ,8431582.0
_1820, l1820 ,3462755.0
_1821, l1821 ,2092669.0
_1822, l1822 ,269832.0
_1823, l1823 ,6641436.0
_1824, l1824 ,18433924.0
_1825, l1825 ,6771254.0
_1826, l1826 ,38244350.0
_1827, l1827 ,37951626.0
_1828, l1828 ,38797365.0
_1829, l1829 ,16877162.0
_1830, l1830 ,379441.0
_1831, l1831 ,2724990.0
_1832, l1832 ,2751515.0
_1833, l1833 ,24252505.0
_1834, l1834 ,14059777.0
_1835, l1835 ,1200270.0
_1836, l1836 ,8003687.0
_1837, l1837 ,12271393.0
_1838, l1838 ,11116557.0
_1839, l1839 ,39906747.0
_1840, l1840 ,5000290.0
_1841, l1841 ,1097359.0
_1842, l1842 ,306573.0
_1843, l1843 ,10329543.0
_1844, l1844 ,8806283.0
_1845, l1845 ,3847269.0
_1846, l1846 ,3069937.0
_1847, l1847 ,13096622.0
_1848, l1848 ,3412119.0
_1849, l1849 ,2847614.0
_1850, l1850 ,11222359.0
_1851, l1851 ,4869111.0
_1852, l1852 ,31.0
_1853, l1853 ,13174139.0
_1854, l1854 ,1724823.0
_1855, l1855 ,24800291.0
_1856, l1856 ,1349108.0
_1857, l1857 ,1767393.0
_1858, l1858 ,52632131.0
_1859, l1859 ,2856873.0
_1860, l1860 ,2902992.0
_1861, l1861 ,1121972.0
_1862, l1862 ,9335756.0
_1863, l1863 ,1686142.0
_1864, l1864 ,2271225.0
_1865, l1865 ,3034735.0
_1866, l1866 ,11300751.0
_1867, l1867 ,455552.0
_1868, l1868 ,9589882.0
_1869, l1869 ,358308.0
_1870, l1870 ,2521821.0
_1871, l1871 ,916419.0
_1872, l1872 ,6730202.0
_1873, l1873 ,776099.0
_1874, l1874 ,5770135.0
_1875, l1875 ,5524861.0
_1876, l1876 ,55360421.0
_1877, l1877 ,22097142.0
_1878, l1878 ,4851690.0
_1879, l1879 ,1341269.0
_1880, l1880 ,2055233.0
_1881, l1881 ,45398345.0
_1882, l1882 ,21014705.0
_1883, l1883 ,5817385.0
_1884, l1884 ,6632204.0
_1885, l1885 ,7755891.0
_1886, l1886 ,1965015.0
_1887, l1887 ,994074.0
_1888, l1888 ,2505199.0
_1889, l1889 ,10218146.0
_1890, l1890 ,1969694.0
_1891, l1891 ,5002082.0
_1892, l1892 ,5104375.0
_1893, l1893 ,2842462.0
_1894, l1894 ,7395562.0
_1895, l1895 ,7664329.0
_1896, l1896 ,492691.0
_1897, l1897 ,1247451.0
_1898, l1898 ,5206463.0
_1899, l1899 ,4526181.0
_1900, l1900 ,22286494.0
_1901, l1901 ,2896963.0
_1902, l1902 ,2321487.0
_1903, l1903 ,4719606.0
_1904, l1904 ,2464323.0
_1905, l1905 ,1565416.0
_1906, l1906 ,943464.0
_1907, l1907 ,704144.0
_1908, l1908 ,5051021.0
_1909, l1909 ,6386551.0
_1910, l1910 ,8065024.0
_1911, l1911 ,12040422.0
_1912, l1912 ,12137507.0
_1913, l1913 ,3312243.0
_1914, l1914 ,3025949.0
_1915, l1915 ,4270820.0
_1916, l1916 ,2026102.0
_1917, l1917 ,189345.0
_1918, l1918 ,1077195.0
_1919, l1919 ,1382592.0
_1920, l1920 ,3866718.0
_1921, l1921 ,776530.0
_1922, l1922 ,366615.0
_1923, l1923 ,10129574.0
_1924, l1924 ,12769015.0
_1925, l1925 ,13168863.0
_1926, l1926 ,61001.0
_1927, l1927 ,9292587.0
_1928, l1928 ,1442822.0
_1929, l1929 ,4382006.0
_1930, l1930 ,43922.0
_1931, l1931 ,12853044.0
_1932, l1932 ,150328.0
_1933, l1933 ,3136756.0
_1934, l1934 ,8547021.0
_1935, l1935 ,1374319.0
_1936, l1936 ,12485848.0
_1937, l1937 ,3581533.0
_1938, l1938 ,46582988.0
_1939, l1939 ,19672049.0
_1940, l1940 ,73778723.0
_1941, l1941 ,6232973.0
_1942, l1942 ,49116.0
_1943, l1943 ,6698551.0
_1944, l1944 ,12512355.0
_1945, l1945 ,13551060.0
_1946, l1946 ,1048955.0
_1947, l1947 ,6762068.0
_1948, l1948 ,7038481.0
_1949, l1949 ,3060489.0
_1950, l1950 ,782579.0
_1951, l1951 ,9530295.0
_1952, l1952 ,8545246.0
_1953, l1953 ,827584.0
_1954, l1954 ,1275665.0
_1955, l1955 ,494714.0
_1956, l1956 ,2110283.0
_1957, l1957 ,9505551.0
_1958, l1958 ,171348.0
_1959, l1959 ,110122.0
_1960, l1960 ,2156380.0
_1961, l1961 ,8565134.0
_1962, l1962 ,4104125.0
_1963, l1963 ,70313443.0
_1964, l1964 ,6226794.0
_1965, l1965 ,4720140.0
_1966, l1966 ,2089683.0
_1967, l1967 ,14145333.0
_1968, l1968 ,37924972.0
_1969, l1969 ,8359388.0
_1970, l1970 ,14396574.0
_1971, l1971 ,2472362.0
_1972, l1972 ,1235676.0
_1973, l1973 ,3084234.0
_1974, l1974 ,1324779.0
_1975, l1975 ,1421188.0
_1976, l1976 ,6876480.0
_1977, l1977 ,1543879.0
_1978, l1978 ,1322656.0
_1979, l1979 ,12981228.0
_1980, l1980 ,12805513.0
_1981, l1981 ,3595868.0
_1982, l1982 ,6855427.0
_1983, l1983 ,1970392.0
_1984, l1984 ,8415744.0
_1985, l1985 ,33234587.0
_1986, l1986 ,24955462.0
_1987, l1987 ,5507596.0
_1988, l1988 ,12783039.0
_1989, l1989 ,20296.0
_1990, l1990 ,6868256.0
_1991, l1991 ,1452649.0
_1992, l1992 ,3228148.0
_1993, l1993 ,856111.0
_1994, l1994 ,8368852.0
_1995, l1995 ,7089213.0
_1996, l1996 ,5501483.0
_1997, l1997 ,435072.0
_1998, l1998 ,1454742.0
_1999, l1999 ,15947589.0
_2000, l2000 ,3978116.0
_2001, l2001 ,5402304.0
_2002, l2002 ,2176921.0
_2003, l2003 ,8284484.0
_2004, l2004 ,18669783.0
_2005, l2005 ,3618957.0
_2006, l2006 ,3850701.0
_2007, l2007 ,5072736.0
_2008, l2008 ,568269.0
_2009, l2009 ,9560610.0
_2010, l2010 ,1781599.0
_2011, l2011 ,9063018.0
_2012, l2012 ,536983.0
_2013, l2013 ,460049.0
_2014, l2014 ,1248628.0
_2015, l2015 ,1632381.0
_2016, l2016 ,103976556.0
_2017, l2017 ,4237070.0
_2018, l2018 ,152700.0
_2019, l2019 ,23276891.0
_2020, l2020 ,111478.0
_2021, l2021 ,3314837.0
_2022, l2022 ,31883390.0
_2023, l2023 ,17086300.0
_2024, l2024 ,3666128.0
_2025, l2025 ,12774356.0
_2026, l2026 ,4217550.0
_2027, l2027 ,12668340.0
_2028, l2028 ,11142332.0
_2029, l2029 ,7969947.0
_2030, l2030 ,15633576.0
_2031, l2031 ,18864101.0
_2032, l2032 ,244569.0
_2033, l2033 ,18005761.0
_2034, l2034 ,4296753.0
_2035, l2035 ,707187.0
_2036, l2036 ,3111917.0
_2037, l2037 ,9327682.0
_2038, l2038 ,4948768.0
_2039, l2039 ,67304297.0
_2040, l2040 ,2979533.0
_2041, l2041 ,3317008.0
_2042, l2042 ,2958198.0
_2043, l2043 ,608092.0
_2044, l2044 ,2208259.0
_2045, l2045 ,9277361.0
_2046, l2046 ,742523.0
_2047, l2047 ,6267567.0
_2048, l2048 ,5598538.0
_2049, l2049 ,1015356.0
_2050, l2050 ,1640373.0
_2051, l2051 ,525311.0
_2052, l2052 ,427697.0
_2053, l2053 ,1574804.0
_2054, l2054 ,208904.0
_2055, l2055 ,6223741.0
_2056, l2056 ,5457212.0
_2057, l2057 ,23347040.0
_2058, l2058 ,71068222.0
_2059, l2059 ,25305136.0
_2060, l2060 ,7312588.0
_2061, l2061 ,5589848.0
_2062, l2062 ,984126.0
_2063, l2063 ,667077.0
_2064, l2064 ,4012055.0
_2065, l2065 ,854664.0
_2066, l2066 ,117667.0
_2067, l2067 ,2567081.0
_2068, l2068 ,382228.0
_2069, l2069 ,9732004.0
_2070, l2070 ,12690508.0
_2071, l2071 ,287018955.0
_2072, l2072 ,82693.0
_2073, l2073 ,14802715.0
_2074, l2074 ,8085273.0
_2075, l2075 ,1002917.0
_2076, l2076 ,1721215.0
_2077, l2077 ,3736942.0
_2078, l2078 ,4043975.0
_2079, l2079 ,763579.0
_2080, l2080 ,1904421.0
_2081, l2081 ,4865218.0
_2082, l2082 ,4285560.0
_2083, l2083 ,24732849.0
_2084, l2084 ,4328752.0
_2085, l2085 ,1292347.0
_2086, l2086 ,482706.0
_2087, l2087 ,8397383.0
_2088, l2088 ,3291745.0
_2089, l2089 ,6982638.0
_2090, l2090 ,8218201.0
_2091, l2091 ,517801.0
_2092, l2092 ,12322067.0
_2093, l2093 ,18472898.0
_2094, l2094 ,15896792.0
_2095, l2095 ,1467971.0
_2096, l2096 ,5322025.0
_2097, l2097 ,4176321.0
_2098, l2098 ,15895054.0
_2099, l2099 ,6986221.0
_2100, l2100 ,53774386.0
_2101, l2101 ,17304439.0
_2102, l2102 ,5070758.0
_2103, l2103 ,1492194.0
_2104, l2104 ,5467987.0
_2105, l2105 ,29775352.0
_2106, l2106 ,4106289.0
_2107, l2107 ,4594814.0
_2108, l2108 ,3903722.0
_2109, l2109 ,7326791.0
_2110, l2110 ,4643056.0
_2111, l2111 ,443038.0
_2112, l2112 ,20008762.0
_2113, l2113 ,3686022.0
_2114, l2114 ,686012.0
_2115, l2115 ,31826.0
_2116, l2116 ,3359485.0
_2117, l2117 ,570637.0
_2118, l2118 ,12481931.0
_2119, l2119 ,20338694.0
_2120, l2120 ,3922862.0
_2121, l2121 ,5541069.0
_2122, l2122 ,5179364.0
_2123, l2123 ,81428167.0
_2124, l2124 ,53962597.0
_2125, l2125 ,21396947.0
_2126, l2126 ,3168644.0
_2127, l2127 ,3998125.0
_2128, l2128 ,14372792.0
_2129, l2129 ,824728.0
_2130, l2130 ,5301153.0
_2131, l2131 ,5381576.0
_2132, l2132 ,4073657.0
_2133, l2133 ,4228639.0
_2134, l2134 ,11508513.0
_2135, l2135 ,10316319.0
_2136, l2136 ,27813224.0
_2137, l2137 ,56638432.0
_2138, l2138 ,1048217.0
_2139, l2139 ,17992037.0
_2140, l2140 ,448495.0
_2141, l2141 ,63048496.0
_2142, l2142 ,2113061.0
_2143, l2143 ,9521448.0
_2144, l2144 ,5188962.0
_2145, l2145 ,1288192.0
_2146, l2146 ,39071413.0
_2147, l2147 ,101954.0
_2148, l2148 ,8431379.0
_2149, l2149 ,2597142.0
_2150, l2150 ,248506.0


Grandezza supporto , 4707319808.0
